{
  "total_documents": 241,
  "rmse": {
    "evaluator1": {
      "content": 0.8085641184284389,
      "organization": 0.9785033876630422,
      "expression": 1.1382632180330572
    },
    "evaluator2": {
      "content": 0.8363127926421605,
      "organization": 0.9472607373708231,
      "expression": 1.2089740515252636
    },
    "average": {
      "content": 0.7172735376415541,
      "organization": 0.8414199616524557,
      "expression": 1.0953030615681205
    }
  },
  "spearman": {
    "evaluator1": {
      "content": 0.27687194409430765,
      "organization": 0.3147891075395615,
      "expression": 0.2558316472708478
    },
    "evaluator2": {
      "content": 0.13511235070206984,
      "organization": 0.27396273887474315,
      "expression": 0.3224893405553871
    },
    "average": {
      "content": 0.2500803177433164,
      "organization": 0.33592188588845207,
      "expression": 0.34332347538230845
    }
  }
}