{
  "total_documents": 300,
  "rmse": {
    "evaluator1": {
      "content": 0.9560229772920564,
      "organization": 1.0058358144442507,
      "expression": 0.8504376209676937
    },
    "evaluator2": {
      "content": 0.9062399809156697,
      "organization": 0.9763079726833555,
      "expression": 0.9284611643893698
    },
    "average": {
      "content": 0.8470487818278157,
      "organization": 0.8801508687943589,
      "expression": 0.7868590453128409
    }
  },
  "spearman": {
    "evaluator1": {
      "content": 0.3322418607876025,
      "organization": 0.34482535217463367,
      "expression": 0.43167100474221753
    },
    "evaluator2": {
      "content": 0.2847403052016343,
      "organization": 0.3017143578166158,
      "expression": 0.40950386933426963
    },
    "average": {
      "content": 0.37683222856803317,
      "organization": 0.3767576695489095,
      "expression": 0.516096719473009
    }
  }
}