{
  "total_documents": 300,
  "rmse": {
    "evaluator1": {
      "content": 1.1007288928537944,
      "organization": 1.1559314315316158,
      "expression": 0.9581694720671105
    },
    "evaluator2": {
      "content": 1.0125492445783788,
      "organization": 1.1222235363460393,
      "expression": 0.9910004597692166
    },
    "average": {
      "content": 0.9854747127939478,
      "organization": 1.0450598885463283,
      "expression": 0.8795893782912174
    }
  },
  "spearman": {
    "evaluator1": {
      "content": -0.0009388925609182072,
      "organization": 0.09615558878967281,
      "expression": 0.06292888543194694
    },
    "evaluator2": {
      "content": 0.05644721483242263,
      "organization": 0.06555511986320922,
      "expression": 0.15166642549919582
    },
    "average": {
      "content": 0.029330308144941426,
      "organization": 0.09188697159735941,
      "expression": 0.11986427438013011
    }
  }
}