{
  "total_documents": 300,
  "rmse": {
    "evaluator1": {
      "content": 0.8941121963815893,
      "organization": 0.9531268038542154,
      "expression": 0.9738575750654997
    },
    "evaluator2": {
      "content": 0.9193537227888045,
      "organization": 0.9043128275883546,
      "expression": 0.9665214436667278
    },
    "average": {
      "content": 0.8206189694113502,
      "organization": 0.8118564623706322,
      "expression": 0.8764921187116864
    }
  },
  "spearman": {
    "evaluator1": {
      "content": 0.30752846724200983,
      "organization": 0.43878507354437213,
      "expression": 0.3133292049383659
    },
    "evaluator2": {
      "content": 0.20767368042968615,
      "organization": 0.46191274336668925,
      "expression": 0.40332584999814125
    },
    "average": {
      "content": 0.31136218634900975,
      "organization": 0.5076658484488131,
      "expression": 0.42284791200032473
    }
  }
}