{
  "judge_single_results_gemma": {
    "model": "judge_single_results_gemma",
    "judge_stats": {
      "domain_match": {
        "count": 900,
        "mean": 3.548888888888889,
        "std": 0.5342168607606724,
        "score_counts": {
          "1": 0,
          "2": 3,
          "3": 414,
          "4": 469,
          "5": 14
        },
        "histogram_0.5": {
          "2.0-2.5": 3,
          "2.5-3.0": 0,
          "3.0-3.5": 414,
          "3.5-4.0": 0,
          "4.0-4.5": 469,
          "4.5-5.0": 0,
          "5.0-5.5": 14
        },
        "histogram_0.2": {
          "2.0-2.2": 3,
          "2.2-2.4": 0,
          "2.4-2.6": 0,
          "2.6-2.8": 0,
          "2.8-3.0": 0,
          "3.0-3.2": 414,
          "3.2-3.4": 0,
          "3.4-3.6": 0,
          "3.6-3.8": 0,
          "3.8-4.0": 0,
          "4.0-4.2": 469,
          "4.2-4.4": 0,
          "4.4-4.6": 0,
          "4.6-4.8": 0,
          "4.8-5.0": 0,
          "5.0-5.2": 14
        }
      },
      "score_rationale_consistency": {
        "count": 900,
        "mean": 2.7666666666666666,
        "std": 0.48876260995383936,
        "score_counts": {
          "1": 0,
          "2": 236,
          "3": 639,
          "4": 24,
          "5": 1
        },
        "histogram_0.5": {
          "2.0-2.5": 236,
          "2.5-3.0": 0,
          "3.0-3.5": 639,
          "3.5-4.0": 0,
          "4.0-4.5": 24,
          "4.5-5.0": 0,
          "5.0-5.5": 1
        },
        "histogram_0.2": {
          "2.0-2.2": 236,
          "2.2-2.4": 0,
          "2.4-2.6": 0,
          "2.6-2.8": 0,
          "2.8-3.0": 0,
          "3.0-3.2": 639,
          "3.2-3.4": 0,
          "3.4-3.6": 0,
          "3.6-3.8": 0,
          "3.8-4.0": 0,
          "4.0-4.2": 24,
          "4.2-4.4": 0,
          "4.4-4.6": 0,
          "4.6-4.8": 0,
          "4.8-5.0": 0,
          "5.0-5.2": 1
        }
      },
      "specificity": {
        "count": 900,
        "mean": 2.9966666666666666,
        "std": 0.2603203155089258,
        "score_counts": {
          "1": 0,
          "2": 32,
          "3": 839,
          "4": 29,
          "5": 0
        },
        "histogram_0.5": {
          "2.0-2.5": 32,
          "2.5-3.0": 0,
          "3.0-3.5": 839,
          "3.5-4.0": 0,
          "4.0-4.5": 29
        },
        "histogram_0.2": {
          "2.0-2.2": 32,
          "2.2-2.4": 0,
          "2.4-2.6": 0,
          "2.6-2.8": 0,
          "2.8-3.0": 0,
          "3.0-3.2": 839,
          "3.2-3.4": 0,
          "3.4-3.6": 0,
          "3.6-3.8": 0,
          "3.8-4.0": 0,
          "4.0-4.2": 29
        }
      },
      "groundedness": {
        "count": 900,
        "mean": 3.417777777777778,
        "std": 0.5280104750176791,
        "score_counts": {
          "1": 0,
          "2": 15,
          "3": 495,
          "4": 389,
          "5": 1
        },
        "histogram_0.5": {
          "2.0-2.5": 15,
          "2.5-3.0": 0,
          "3.0-3.5": 495,
          "3.5-4.0": 0,
          "4.0-4.5": 389,
          "4.5-5.0": 0,
          "5.0-5.5": 1
        },
        "histogram_0.2": {
          "2.0-2.2": 15,
          "2.2-2.4": 0,
          "2.4-2.6": 0,
          "2.6-2.8": 0,
          "2.8-3.0": 0,
          "3.0-3.2": 495,
          "3.2-3.4": 0,
          "3.4-3.6": 0,
          "3.6-3.8": 0,
          "3.8-4.0": 0,
          "4.0-4.2": 389,
          "4.2-4.4": 0,
          "4.4-4.6": 0,
          "4.6-4.8": 0,
          "4.8-5.0": 0,
          "5.0-5.2": 1
        }
      }
    }
  },
  "judge_single_results_qwen": {
    "model": "judge_single_results_qwen",
    "judge_stats": {
      "domain_match": {
        "count": 849,
        "mean": 3.7432273262661955,
        "std": 0.7182818436936942,
        "score_counts": {
          "1": 6,
          "2": 28,
          "3": 236,
          "4": 487,
          "5": 92
        },
        "histogram_0.5": {
          "1.0-1.5": 6,
          "1.5-2.0": 0,
          "2.0-2.5": 28,
          "2.5-3.0": 0,
          "3.0-3.5": 236,
          "3.5-4.0": 0,
          "4.0-4.5": 487,
          "4.5-5.0": 0,
          "5.0-5.5": 92
        },
        "histogram_0.2": {
          "1.0-1.2": 6,
          "1.2-1.4": 0,
          "1.4-1.6": 0,
          "1.6-1.8": 0,
          "1.8-2.0": 0,
          "2.0-2.2": 28,
          "2.2-2.4": 0,
          "2.4-2.6": 0,
          "2.6-2.8": 0,
          "2.8-3.0": 0,
          "3.0-3.2": 236,
          "3.2-3.4": 0,
          "3.4-3.6": 0,
          "3.6-3.8": 0,
          "3.8-4.0": 0,
          "4.0-4.2": 487,
          "4.2-4.4": 0,
          "4.4-4.6": 0,
          "4.6-4.8": 0,
          "4.8-5.0": 0,
          "5.0-5.2": 92
        }
      },
      "score_rationale_consistency": {
        "count": 849,
        "mean": 2.905771495877503,
        "std": 0.6885071333244369,
        "score_counts": {
          "1": 5,
          "2": 196,
          "3": 556,
          "4": 58,
          "5": 34
        },
        "histogram_0.5": {
          "1.0-1.5": 5,
          "1.5-2.0": 0,
          "2.0-2.5": 196,
          "2.5-3.0": 0,
          "3.0-3.5": 556,
          "3.5-4.0": 0,
          "4.0-4.5": 58,
          "4.5-5.0": 0,
          "5.0-5.5": 34
        },
        "histogram_0.2": {
          "1.0-1.2": 5,
          "1.2-1.4": 0,
          "1.4-1.6": 0,
          "1.6-1.8": 0,
          "1.8-2.0": 0,
          "2.0-2.2": 196,
          "2.2-2.4": 0,
          "2.4-2.6": 0,
          "2.6-2.8": 0,
          "2.8-3.0": 0,
          "3.0-3.2": 556,
          "3.2-3.4": 0,
          "3.4-3.6": 0,
          "3.6-3.8": 0,
          "3.8-4.0": 0,
          "4.0-4.2": 58,
          "4.2-4.4": 0,
          "4.4-4.6": 0,
          "4.6-4.8": 0,
          "4.8-5.0": 0,
          "5.0-5.2": 34
        }
      },
      "specificity": {
        "count": 849,
        "mean": 3.110718492343934,
        "std": 0.5820159734142937,
        "score_counts": {
          "1": 5,
          "2": 58,
          "3": 653,
          "4": 104,
          "5": 29
        },
        "histogram_0.5": {
          "1.0-1.5": 5,
          "1.5-2.0": 0,
          "2.0-2.5": 58,
          "2.5-3.0": 0,
          "3.0-3.5": 653,
          "3.5-4.0": 0,
          "4.0-4.5": 104,
          "4.5-5.0": 0,
          "5.0-5.5": 29
        },
        "histogram_0.2": {
          "1.0-1.2": 5,
          "1.2-1.4": 0,
          "1.4-1.6": 0,
          "1.6-1.8": 0,
          "1.8-2.0": 0,
          "2.0-2.2": 58,
          "2.2-2.4": 0,
          "2.4-2.6": 0,
          "2.6-2.8": 0,
          "2.8-3.0": 0,
          "3.0-3.2": 653,
          "3.2-3.4": 0,
          "3.4-3.6": 0,
          "3.6-3.8": 0,
          "3.8-4.0": 0,
          "4.0-4.2": 104,
          "4.2-4.4": 0,
          "4.4-4.6": 0,
          "4.6-4.8": 0,
          "4.8-5.0": 0,
          "5.0-5.2": 29
        }
      },
      "groundedness": {
        "count": 849,
        "mean": 3.5594817432273262,
        "std": 0.685751135262326,
        "score_counts": {
          "1": 5,
          "2": 41,
          "3": 316,
          "4": 448,
          "5": 39
        },
        "histogram_0.5": {
          "1.0-1.5": 5,
          "1.5-2.0": 0,
          "2.0-2.5": 41,
          "2.5-3.0": 0,
          "3.0-3.5": 316,
          "3.5-4.0": 0,
          "4.0-4.5": 448,
          "4.5-5.0": 0,
          "5.0-5.5": 39
        },
        "histogram_0.2": {
          "1.0-1.2": 5,
          "1.2-1.4": 0,
          "1.4-1.6": 0,
          "1.6-1.8": 0,
          "1.8-2.0": 0,
          "2.0-2.2": 41,
          "2.2-2.4": 0,
          "2.4-2.6": 0,
          "2.6-2.8": 0,
          "2.8-3.0": 0,
          "3.0-3.2": 316,
          "3.2-3.4": 0,
          "3.4-3.6": 0,