{
  "mad3_results_gemma": {
    "model": "mad3_results_gemma",
    "judge_stats": {
      "domain_match": {
        "count": 900,
        "mean": 4.13,
        "std": 0.6780609608779057,
        "score_counts": {
          "1": 0,
          "2": 2,
          "3": 150,
          "4": 477,
          "5": 271
        },
        "histogram_0.5": {
          "2.0-2.5": 2,
          "2.5-3.0": 0,
          "3.0-3.5": 150,
          "3.5-4.0": 0,
          "4.0-4.5": 477,
          "4.5-5.0": 0,
          "5.0-5.5": 271
        },
        "histogram_0.2": {
          "2.0-2.2": 2,
          "2.2-2.4": 0,
          "2.4-2.6": 0,
          "2.6-2.8": 0,
          "2.8-3.0": 0,
          "3.0-3.2": 150,
          "3.2-3.4": 0,
          "3.4-3.6": 0,
          "3.6-3.8": 0,
          "3.8-4.0": 0,
          "4.0-4.2": 477,
          "4.2-4.4": 0,
          "4.4-4.6": 0,
          "4.6-4.8": 0,
          "4.8-5.0": 0,
          "5.0-5.2": 271
        }
      },
      "score_rationale_consistency": {
        "count": 900,
        "mean": 3.488888888888889,
        "std": 1.145468797231993,
        "score_counts": {
          "1": 57,
          "2": 151,
          "3": 143,
          "4": 393,
          "5": 156
        },
        "histogram_0.5": {
          "1.0-1.5": 57,
          "1.5-2.0": 0,
          "2.0-2.5": 151,
          "2.5-3.0": 0,
          "3.0-3.5": 143,
          "3.5-4.0": 0,
          "4.0-4.5": 393,
          "4.5-5.0": 0,
          "5.0-5.5": 156
        },
        "histogram_0.2": {
          "1.0-1.2": 57,
          "1.2-1.4": 0,
          "1.4-1.6": 0,
          "1.6-1.8": 0,
          "1.8-2.0": 0,
          "2.0-2.2": 151,
          "2.2-2.4": 0,
          "2.4-2.6": 0,
          "2.6-2.8": 0,
          "2.8-3.0": 0,
          "3.0-3.2": 143,
          "3.2-3.4": 0,
          "3.4-3.6": 0,
          "3.6-3.8": 0,
          "3.8-4.0": 0,
          "4.0-4.2": 393,
          "4.2-4.4": 0,
          "4.4-4.6": 0,
          "4.6-4.8": 0,
          "4.8-5.0": 0,
          "5.0-5.2": 156
        }
      },
      "specificity": {
        "count": 900,
        "mean": 3.4944444444444445,
        "std": 0.91589192849995,
        "score_counts": {
          "1": 12,
          "2": 90,
          "3": 378,
          "4": 281,
          "5": 139
        },
        "histogram_0.5": {
          "1.0-1.5": 12,
          "1.5-2.0": 0,
          "2.0-2.5": 90,
          "2.5-3.0": 0,
          "3.0-3.5": 378,
          "3.5-4.0": 0,
          "4.0-4.5": 281,
          "4.5-5.0": 0,
          "5.0-5.5": 139
        },
        "histogram_0.2": {
          "1.0-1.2": 12,
          "1.2-1.4": 0,
          "1.4-1.6": 0,
          "1.6-1.8": 0,
          "1.8-2.0": 0,
          "2.0-2.2": 90,
          "2.2-2.4": 0,
          "2.4-2.6": 0,
          "2.6-2.8": 0,
          "2.8-3.0": 0,
          "3.0-3.2": 378,
          "3.2-3.4": 0,
          "3.4-3.6": 0,
          "3.6-3.8": 0,
          "3.8-4.0": 0,
          "4.0-4.2": 281,
          "4.2-4.4": 0,
          "4.4-4.6": 0,
          "4.6-4.8": 0,
          "4.8-5.0": 0,
          "5.0-5.2": 139
        }
      },
      "groundedness": {
        "count": 900,
        "mean": 3.76,
        "std": 1.0873821775254506,
        "score_counts": {
          "1": 15,
          "2": 154,
          "3": 114,
          "4": 366,
          "5": 251
        },
        "histogram_0.5": {
          "1.0-1.5": 15,
          "1.5-2.0": 0,
          "2.0-2.5": 154,
          "2.5-3.0": 0,
          "3.0-3.5": 114,
          "3.5-4.0": 0,
          "4.0-4.5": 366,
          "4.5-5.0": 0,
          "5.0-5.5": 251
        },
        "histogram_0.2": {
          "1.0-1.2": 15,
          "1.2-1.4": 0,
          "1.4-1.6": 0,
          "1.6-1.8": 0,
          "1.8-2.0": 0,
          "2.0-2.2": 154,
          "2.2-2.4": 0,
          "2.4-2.6": 0,
          "2.6-2.8": 0,
          "2.8-3.0": 0,
          "3.0-3.2": 114,
          "3.2-3.4": 0,
          "3.4-3.6": 0,
          "3.6-3.8": 0,
          "3.8-4.0": 0,
          "4.0-4.2": 366,
          "4.2-4.4": 0,
          "4.4-4.6": 0,
          "4.6-4.8": 0,
          "4.8-5.0": 0,
          "5.0-5.2": 251
        }
      }
    }
  },
  "mad3_results_qwen": {
    "model": "mad3_results_qwen",
    "judge_stats": {
      "domain_match": {
        "count": 900,
        "mean": 4.058888888888889,
        "std": 1.0529740362362483,
        "score_counts": {
          "1": 54,
          "2": 10,
          "3": 120,
          "4": 361,
          "5": 355
        },
        "histogram_0.5": {
          "1.0-1.5": 54,
          "1.5-2.0": 0,
          "2.0-2.5": 10,
          "2.5-3.0": 0,
          "3.0-3.5": 120,
          "3.5-4.0": 0,
          "4.0-4.5": 361,
          "4.5-5.0": 0,
          "5.0-5.5": 355
        },
        "histogram_0.2": {
          "1.0-1.2": 54,
          "1.2-1.4": 0,
          "1.4-1.6": 0,
          "1.6-1.8": 0,
          "1.8-2.0": 0,
          "2.0-2.2": 10,
          "2.2-2.4": 0,
          "2.4-2.6": 0,
          "2.6-2.8": 0,
          "2.8-3.0": 0,
          "3.0-3.2": 120,
          "3.2-3.4": 0,
          "3.4-3.6": 0,
          "3.6-3.8": 0,
          "3.8-4.0": 0,
          "4.0-4.2": 361,
          "4.2-4.4": 0,
          "4.4-4.6": 0,
          "4.6-4.8": 0,
          "4.8-5.0": 0,
          "5.0-5.2": 355
        }
      },
      "score_rationale_consistency": {
        "count": 900,
        "mean": 3.6233333333333335,
        "std": 1.2343734353014022,
        "score_counts": {
          "1": 74,
          "2": 125,
          "3": 100,
          "4": 368,
          "5": 233
        },
        "histogram_0.5": {
          "1.0-1.5": 74,
          "1.5-2.0": 0,
          "2.0-2.5": 125,
          "2.5-3.0": 0,
          "3.0-3.5": 100,
          "3.5-4.0": 0,
          "4.0-4.5": 368,
          "4.5-5.0": 0,
          "5.0-5.5": 233
        },
        "histogram_0.2": {
          "1.0-1.2": 74,
          "1.2-1.4": 0,
          "1.4-1.6": 0,
          "1.6-1.8": 0,
          "1.8-2.0": 0,
          "2.0-2.2": 125,
          "2.2-2.4": 0,
          "2.4-2.6": 0,
          "2.6-2.8": 0,
          "2.8-3.0": 0,
          "3.0-3.2": 100,
          "3.2-3.4": 0,
          "3.4-3.6": 0,
          "3.6-3.8": 0,
          "3.8-4.0": 0,
          "4.0-4.2": 368,
          "4.2-4.4": 0,
          "4.4-4.6": 0,
          "4.6-4.8": 0,
          "4.8-5.0": 0,
          "5.0-5.2": 233
        }
      },
      "specificity": {
        "count": 900,
        "mean": 3.548888888888889,
        "std": 1.1415627149214242,
        "score_counts": {
          "1": 65,
          "2": 69,
          "3": 284,
          "4": 271,
          "5": 211
        },
        "histogram_0.5": {
          "1.0-1.5": 65,
          "1.5-2.0": 0,
          "2.0-2.5": 69,
          "2.5-3.0": 0,
          "3.0-3.5": 284,
          "3.5-4.0": 0,
          "4.0-4.5": 271,
          "4.5-5.0": 0,
          "5.0-5.5": 211
        },
        "histogram_0.2": {
          "1.0-1.2": 65,
          "1.2-1.4": 0,
          "1.4-1.6": 0,
          "1.6-1.8": 0,
          "1.8-2.0": 0,
          "2.0-2.2": 69,
          "2.2-2.4": 0,
          "2.4-2.6": 0,
          "2.6-2.8": 0,
          "2.8-3.0": 0,
          "3.0-3.2": 284,
          "3.2-3.4": 0,
          "3.4-3.6": 0,
          "3.6-3.8": 0,
          "3.8-4.0": 0,
          "4.0-4.2": 271,
          "4.2-4.4": 0,
          "4.4-4.6": 0,
          "4.6-4.8": 0,
          "4.8-5.0": 0,
          "5.0-5.2": 211
        }
      },
      "groundedness": {
        "count": 900,
        "mean": 3.891111111111111,
        "std": 1.2244404113666205,
        "score_counts": {
          "1": 58,
          "2": 100,