{
  "iter3": {
    "overall": {
      "n": 3600.0,
      "flip_count_mean": 1.8283333333333334,
      "flip_rate": 0.9611111111111111,
      "delta_strict_abs_mean": 0.8044583333333333,
      "delta_lenient_abs_mean": 0.8389583333333333,
      "delta_strict_signed_mean": 0.10509722222222223,
      "delta_lenient_signed_mean": -0.08720833333333332,
      "convergence_final_mean": 0.6204444444444444
    },
    "by_essay_model": {
      "gemma": {
        "n": 900.0,
        "flip_count_mean": 1.8811111111111112,
        "flip_rate": 0.9766666666666667,
        "delta_strict_abs_mean": 0.6952222222222222,
        "delta_lenient_abs_mean": 0.7482222222222221,
        "delta_strict_signed_mean": 0.08300000000000002,
        "delta_lenient_signed_mean": -0.05066666666666665,
        "convergence_final_mean": 0.5704444444444444
      },
      "qwen": {
        "n": 900.0,
        "flip_count_mean": 1.7,
        "flip_rate": 0.9044444444444445,
        "delta_strict_abs_mean": 0.6528333333333333,
        "delta_lenient_abs_mean": 0.6948333333333333,
        "delta_strict_signed_mean": 0.07850000000000001,
        "delta_lenient_signed_mean": -0.06561111111111109,
        "convergence_final_mean": 0.5408888888888889
      },
      "llama": {
        "n": 900.0,
        "flip_count_mean": 1.9122222222222223,
        "flip_rate": 0.9777777777777777,
        "delta_strict_abs_mean": 1.079888888888889,
        "delta_lenient_abs_mean": 1.0914444444444444,
        "delta_strict_signed_mean": 0.12688888888888888,
        "delta_lenient_signed_mean": -0.12211111111111111,
        "convergence_final_mean": 0.7642222222222222
      },
      "gpt": {
        "n": 900.0,
        "flip_count_mean": 1.82,
        "flip_rate": 0.9855555555555555,
        "delta_strict_abs_mean": 0.7898888888888889,
        "delta_lenient_abs_mean": 0.8213333333333332,
        "delta_strict_signed_mean": 0.132,
        "delta_lenient_signed_mean": -0.11044444444444441,
        "convergence_final_mean": 0.6062222222222222
      }
    },
    "by_area": {
      "content": {
        "n": 1200.0,
        "flip_count_mean": 1.87,
        "flip_rate": 0.9841666666666666,
        "delta_strict_abs_mean": 0.9118333333333333,
        "delta_lenient_abs_mean": 0.9444166666666667,
        "delta_strict_signed_mean": 0.14900000000000002,
        "delta_lenient_signed_mean": -0.09174999999999998,
        "convergence_final_mean": 0.65975
      },
      "organization": {
        "n": 1200.0,
        "flip_count_mean": 1.7708333333333333,
        "flip_rate": 0.9533333333333334,
        "delta_strict_abs_mean": 0.6714166666666667,
        "delta_lenient_abs_mean": 0.713,
        "delta_strict_signed_mean": 0.08158333333333334,
        "delta_lenient_signed_mean": -0.10608333333333332,
        "convergence_final_mean": 0.5363333333333333
      },
      "expression": {
        "n": 1200.0,
        "flip_count_mean": 1.8441666666666667,
        "flip_rate": 0.9458333333333333,
        "delta_strict_abs_mean": 0.8301249999999999,
        "delta_lenient_abs_mean": 0.8594583333333333,
        "delta_strict_signed_mean": 0.08470833333333336,
        "delta_lenient_signed_mean": -0.06379166666666665,
        "convergence_final_mean": 0.6652499999999999
      }
    }
  },
  "iter5": {
    "overall": {
      "n": 3600.0,
      "flip_count_mean": 3.5344444444444445,
      "flip_rate": 0.9638888888888889,
      "delta_strict_abs_mean": 0.7219097222222222,
      "delta_lenient_abs_mean": 0.7345277777777778,
      "delta_strict_signed_mean": 0.052868055555555564,
      "delta_lenient_signed_mean": -0.06180555555555555,
      "convergence_final_mean": 0.5944444444444444
    },
    "by_essay_model": {
      "gemma": {
        "n": 900.0,
        "flip_count_mean": 3.5844444444444443,
        "flip_rate": 0.9788888888888889,
        "delta_strict_abs_mean": 0.6293888888888888,
        "delta_lenient_abs_mean": 0.6662499999999999,
        "delta_strict_signed_mean": 0.047055555555555566,
        "delta_lenient_signed_mean": -0.04291666666666666,
        "convergence_final_mean": 0.5627777777777777
      },
      "qwen": {
        "n": 900.0,
        "flip_count_mean": 3.3044444444444445,
        "flip_rate": 0.91,
        "delta_strict_abs_mean": 0.5959444444444444,
        "delta_lenient_abs_mean": 0.6218055555555555,
        "delta_strict_signed_mean": 0.03833333333333334,
        "delta_lenient_signed_mean": -0.05041666666666666,
        "convergence_final_mean": 0.5338888888888889
      },
      "llama": {
        "n": 900.0,
        "flip_count_mean": 3.688888888888889,
        "flip_rate": 0.9788888888888889,
        "delta_strict_abs_mean": 0.942,
        "delta_lenient_abs_mean": 0.9298888888888889,
        "delta_strict_signed_mean": 0.06872222222222223,
        "delta_lenient_signed_mean": -0.09511111111111112,
        "convergence_final_mean": 0.6877777777777778
      },
      "gpt": {
        "n": 900.0,
        "flip_count_mean": 3.56,
        "flip_rate": 0.9877777777777778,
        "delta_strict_abs_mean": 0.7203055555555555,
        "delta_lenient_abs_mean": 0.7201666666666666,
        "delta_strict_signed_mean": 0.05736111111111112,
        "delta_lenient_signed_mean": -0.05877777777777776,
        "convergence_final_mean": 0.5933333333333333
      }
    },
    "by_area": {
      "content": {
        "n": 1200.0,
        "flip_count_mean": 3.6025,
        "flip_rate": 0.985,
        "delta_strict_abs_mean": 0.7900208333333333,
        "delta_lenient_abs_mean": 0.8079791666666667,
        "delta_strict_signed_mean": 0.08097916666666667,
        "delta_lenient_signed_mean": -0.06072916666666666,
        "convergence_final_mean": 0.6019166666666667
      },
      "organization": {
        "n": 1200.0,
        "flip_count_mean": 3.4141666666666666,
        "flip_rate": 0.9566666666666667,
        "delta_strict_abs_mean": 0.6189374999999999,
        "delta_lenient_abs_mean": 0.6322708333333333,
        "delta_strict_signed_mean": 0.03189583333333334,
        "delta_lenient_signed_mean": -0.07377083333333333,
        "convergence_final_mean": 0.5309999999999999
      },
      "expression": {
        "n": 1200.0,
        "flip_count_mean": 3.5866666666666664,
        "flip_rate": 0.95,
        "delta_strict_abs_mean": 0.7567708333333333,
        "delta_lenient_abs_mean": 0.7633333333333333,
        "delta_strict_signed_mean": 0.045729166666666675,
        "delta_lenient_signed_mean": -0.05091666666666666,
        "convergence_final_mean": 0.6504166666666666
      }
    }
  }
}